Chr	Pos_hg19	SNP
8	13182155	rs181990369
12	65859519	rs145282773
2	198252846	rs147150305
1	147483513	rs141976661
9	80903300	rs139638356
7	83870966	rs185170954
3	169273046	rs115798104
8	6680850	rs181696879
2	123951121	rs138449900
8	80432793	rs141846544
8	103186989	rs75635567
15	76713822	rs183291664
3	134501479	rs142076474
9	111149099	rs181299481
6	103817252	rs12661302
4	109373310	rs183256737
11	104874043	rs79930850
11	78938571	rs143261188
12	69160349	rs114179644
1	1950293	rs145840463
2	71938176	rs72842919
5	11930025	rs10060040
2	179270456	rs62179067
9	38711009	rs56249755
3	57830215	rs115317194
2	200653321	rs75770912
4	4148701	rs7698880
16	68759780	rs76816469
5	76567335	rs61233297
12	25965239	rs853656
9	81079667	rs144573434
17	75453551	rs181228315
10	88850285	rs147285445
1	81589710	rs186891871
13	94628579	rs187295598
15	77611050	rs142660142
11	116082456	rs77544685
1	168874774	rs144167489
1	19288434	rs117022236
6	78889320	rs140587050
7	6830481	rs146997164
15	101501820	rs146322114
19	47635083	rs191404864
7	51510325	rs112404845
17	38287606	rs186588455
18	65993723	rs115443594
1	19693032	rs115078773
5	16262936	rs139195876
13	103011595	rs16961023
5	115357977	rs10075047
9	110213589	rs116530595
11	92422052	rs147582129
6	103969846	rs72998574
11	110058188	rs144471255
17	68920354	rs144216026
8	31236084	rs137869973
2	119266116	rs72840936
3	27236975	rs148587130
14	52702250	rs185126971
7	96446404	rs73239797
2	53256902	rs113884973
4	109534350	rs182972826
7	23931916	rs112920270
12	123635804	rs141104697
19	5417482	rs144464515
8	9182000	rs191707442
1	206526352	rs150269952
4	109251730	rs144998240
9	107043881	rs138543081
1	185780742	rs192013290
15	76352686	rs144077517
8	80555470	rs142835438
12	67780260	rs184695264
5	4515659	rs921390
3	174769522	rs150291119
17	78891959	rs8077028
1	169617708	rs2244526
3	28837197	rs17022021
22	48492443	rs1034435
12	58828030	rs4760243
19	46595170	rs7260181
16	84699678	rs12716755
1	111350283	rs3820443
19	44625528	rs846858
22	50201044	rs5771225
12	25269783	rs7313581
7	22018573	rs2699450
7	136477062	rs6945197
19	20064649	rs184992198
7	149924921	rs115972394
2	16736702	rs73215707
6	33427745	rs79926713
5	1983817	rs73732514
2	179139721	rs62177277
7	13656708	rs73681522
7	141791266	rs2234017
20	566915	rs147597631
5	174587111	rs145848414
12	69997949	rs147985478
1	29684252	rs116050881
6	78644638	rs186542490
9	20013543	rs186076999
9	25669750	rs141521929
4	152043740	rs73865608
12	117861676	rs184614511
6	23318629	rs193129245
14	47737481	rs150061627
20	44233181	rs190457471
10	31115466	rs141387448
16	87653662	rs117760708
18	26735845	rs187423924
5	121563422	rs181634374
17	14641688	rs145228677
18	39619094	rs188699384
6	41696609	rs148003968
2	84597852	rs185867524
7	18212452	rs117756856
11	70820116	rs184457411
8	39576416	rs180751169
2	233651485	rs188392327
7	139942249	rs192232892
16	57869386	rs149839710
5	28577827	rs150631144
2	60375757	rs243034
4	189068835	rs1353581
9	28753984	rs10968750
11	45689480	rs2666895
14	91725006	rs3814837
21	25725147	rs11909995
19	44908684	rs429358
19	44823407	rs10405693
19	44825957	rs10402271
19	44750911	rs8103315
21	25583969	rs2298369
7	101103377	rs10953322
4	5096839	rs6838792
21	25583969	rs2298369
9	16161235	rs4961664
11	924904	rs10794342
19	44878777	rs6859
19	44904531	rs7259620
19	44900155	rs1160985
9	90726252	rs1172922
19	44905579	rs405509
19	44907187	rs769450
19	44898409	rs8106922
19	44908822	rs7412
19	44900155	rs1160985
19	44905579	rs405509
19	44878777	rs6859
19	44904531	rs7259620
X	87181248	rs5969117
19	44907187	rs769450
19	44898409	rs8106922
19	44844996	rs10426423
19	44848489	rs1871047
19	44857967	rs440277
19	44907187	rs769450
19	44878777	rs6859
19	44905579	rs405509
19	44898409	rs8106922
19	44900155	rs1160985
19	44904531	rs7259620
19	44908822	rs7412
18	30214382	rs35242772
13	109155938	rs912322
19	44885967	rs283814
2	101857264	rs77657034
19	44912921	rs483082
19	44887076	rs283815
19	44912921	rs483082
17	19383150	rs2233083
17	38658216	rs12450778
2	69138666	rs7561207
17	38658216	rs12450778
19	44892009	rs157580
19	44892009	rs157580
19	44892009	rs157580
21	25277446	rs76252969
9	37036250	rs2282079
19	44750911	rs8103315
3	66855351	rs9862849
6	19350484	rs62402815
21	23456358	rs111436800
6	32053353	rs11969759
19	44901434	rs405697
19	44901434	rs405697
19	44913221	rs584007
19	44911194	rs439401
17	36819274	rs1497197
19	44913221	rs584007
19	44911194	rs439401
6	19350484	rs62402815
12	131573284	rs7963314
19	44823407	rs10405693
19	44825957	rs10402271
19	44892962	rs157582
7	102911421	rs77104831
19	44908684	rs429358
19	44908684	rs429358
19	44906745	rs769449
19	44906745	rs769449
19	44908684	rs429358
19	44906745	rs769449
22	41950038	rs73165159
19	44919689	rs4420638
19	44919589	rs56131196
19	44891079	rs71352238
19	44892362	rs2075650
19	44919589	rs56131196
19	44919689	rs4420638
19	44892362	rs2075650
19	44919589	rs56131196
19	44919689	rs4420638
19	44891079	rs71352238
19	44892362	rs2075650
19	44891079	rs71352238
1	168232648	rs116593898
19	44892962	rs157582
19	44892962	rs157582
3	129947221	rs34925435
19	44878777	rs6859
4	154733269	rs727153
19	44919689	rs4420638
X	92147221	rs2573905
19	44919689	rs4420638
10	100741814	rs4509693
1	83789052	rs7539409
6	148102235	rs9390537
13	34080781	rs690705
19	44892362	rs2075650
2	109018801	rs4676049
19	44892362	rs2075650
19	44878777	rs6859
6	150885942	rs11754661
2	27684606	rs17006206
8	121897448	rs956225
1	213944747	rs340849
2	17246318	rs11889338
3	28887369	rs2221154
4	2101369	rs1923775
7	147200311	rs10273775
12	114942588	rs10850408
13	98479040	rs912330
19	44878777	rs6859
13	26150190	rs17511627
2	127130409	rs12989701
2	127137039	rs744373
19	44110055	rs2061333
12	47245743	rs11610206
1	231708601	rs12044355
2	80054047	rs6738962
2	127638592	rs78022502
3	39471787	rs538867
4	5235426	rs78647349
4	87010252	rs340635
5	56214829	rs4700060
5	109885325	rs112724034
5	111383489	rs77636885
5	119099432	rs116348108
5	127393758	rs143954261
5	128046610	rs146579248
5	154457546	rs148763909
6	124005082	rs117780815
6	136046867	rs11154851
6	150781694	rs75253868
7	16668236	rs58370486
7	25121983	rs1861525
7	37325592	rs2392492
7	134063193	rs11770757
8	3230651	rs73660619
8	52301705	rs7009219
9	130177513	rs4836694
10	120519964	rs118048115
11	14202800	rs11023139
11	110628530	rs326946
12	51484976	rs147845115
12	93841389	rs61144803
12	100827461	rs1399439
13	93293605	rs143258881
13	108821598	rs17393344
14	95298227	rs115102486
15	27467498	rs74006954
15	58438440	rs17301739
16	24664268	rs8045064
16	77842866	rs9934540
17	47853173	rs4794202
17	50614721	rs117964204
17	61215075	rs72832584
19	50927340	rs7245858
20	2404326	rs34972666
22	44130225	rs75617873
7	43337677	rs17172199
1	171588461	rs2421847
1	240441752	rs12091371
3	6336008	rs271066
3	64941350	rs704454
4	154426241	rs1466662
9	2742771	rs2034764
12	116857528	rs17429217
15	84887738	rs3743162
19	44919689	rs4420638
4	33201518	rs10517270
6	33857581	rs2104362
16	87078024	rs12933233
18	59084822	rs1037757
15	84887738	rs3743162
12	113810386	rs12816806
19	44892009	rs157580
11	128319206	rs4937314
14	71040884	rs11848070
20	6999988	rs6085820
1	167749262	rs4145462
2	23016071	rs41458646
2	204263298	rs6738181
3	69124224	rs7638995
7	105640741	rs11983798
8	102963761	rs6468852
9	105869669	rs9969729
11	24589584	rs12361953
11	126035363	rs472926
14	71199580	rs17767225
19	44892362	rs2075650
12	94930613	rs249153
5	30178906	rs13178362
11	60071148	rs474951
3	10093893	rs1552244
1	206836565	rs2243170
2	133575190	rs7588354
14	99570681	rs2400749
12	56926927	rs840163
11	78493334	rs4474465
1	18875425	rs6695033
11	125323700	rs11601321
8	83837822	rs79781504
13	113312674	rs146168866
16	7091262	rs75885813
19	44919589	rs56131196
22	20016577	rs144191434
1	21911229	rs2445130
1	26294315	rs56039743
1	37287106	rs12041233
1	43453815	rs182798940
1	99242198	rs143083071
1	109995242	rs11588387
1	164275038	rs79036927
1	218421142	rs181424343
1	233487182	rs36060340
2	4989398	rs148822902
2	24254185	rs75009721
2	26471784	rs183562580
2	47443115	rs186552003
2	48435898	rs186166314
2	51894529	rs191975838
2	60832908	rs115291397
2	65140292	rs182928794
2	65382753	rs140661185
2	100697607	rs2970989
2	104003000	rs186971130
2	117717968	rs982100
2	136433314	rs140009341
2	167746937	rs116677506
2	174268728	rs75286889
2	184511570	rs1443024
2	220047457	rs187402274
2	227138926	rs59904869
3	22933695	rs148471206
3	26205084	rs7374058
3	58807331	rs181319480
3	61650482	rs7609954
3	71931938	rs58920042
3	82012036	rs142710255
3	133712051	rs190500289
3	169741537	rs28582745
4	9590409	rs189421534
4	46412095	rs147028191
4	46689227	rs183757472
4	98971324	rs115809613
4	102133052	rs115641191
4	139599374	rs72728723
4	140579551	rs143638193
4	148158346	rs3931397
4	168062923	rs13133687
4	169173411	rs9994441
4	174174724	rs76930906
4	186821932	rs75718659
5	44145829	rs11749176
11	48948392	rs3850930
11	50114007	rs2313143
11	62481191	rs141218484
11	85685837	rs117983694
11	95362871	rs3911569
11	112392241	rs188168326
11	125907477	rs11220271
12	4063960	rs11062987
12	4699085	rs116938548
12	8605947	rs3794318
12	29389844	rs117154046
12	56103857	rs79335261
12	75763576	rs187293782
12	80080902	rs190909796
12	89830937	rs117483990
12	127489593	rs185806653
12	128585137	rs144288546
13	52557892	rs61960582
13	71297394	rs61956285
13	80962230	rs189465671
13	83172816	rs9546312
13	98252314	rs6491411
13	100558935	rs117969561
13	105740230	rs115694210
13	109140829	rs150813880
8	113715373	rs189590409
8	122446223	rs149038799
8	126341293	rs118152978
9	5538407	rs10975167
9	11812813	rs147338646
9	31499715	rs78496360
9	77060964	rs147213018
9	95778950	rs7047415
9	97869538	rs12378800
9	101884874	rs1774093
9	137522127	rs139090762
10	28563093	rs181666690
10	29940940	rs146650065
10	31991363	rs211257
10	49315703	rs117850870
10	59580135	rs61860854
10	69741141	rs79538733
10	83190139	rs190780914
10	90473719	rs73320584
10	90679092	rs73310256
10	105050857	rs117792039
11	10951303	rs188188267
11	12171710	rs117250828
11	25871035	rs115514216
11	43611658	rs139675748
6	113399037	rs11961710
5	76793184	rs190204665
6	134242215	rs4896030
5	89030013	rs186292051
6	157844754	rs34804891
5	89337967	rs9293513
7	11018769	rs183600932
5	114241467	rs4705644
7	29210652	rs56357845
5	119985478	rs190338033
7	64946786	rs11773349
5	143553786	rs188951355
7	97023147	rs75290158
5	151801825	rs186127414
7	122425165	rs12706411
5	177556462	rs61142792
7	149851920	rs116932763
6	20592753	rs62400067
7	155432020	rs61510607
8	37276671	rs188420713
8	62931072	rs4557697
8	66786417	rs191342285
8	66977235	rs182838111
8	83267319	rs192093332
8	103359219	rs76070545
5	44301065	rs11742761
6	133383011	rs17062407
5	77556409	rs116300850
6	139874946	rs17069431
5	89179048	rs141568462
6	158508928	rs116886320
5	105543433	rs77780208
7	11188315	rs12374991
5	116719736	rs77296444
7	31262777	rs138090874
5	132994460	rs7702102
7	88614935	rs118071777
5	146158952	rs2962508
7	97350347	rs62496419
5	154557919	rs143766413
7	123404453	rs71574743
6	18173684	rs188911996
7	155309976	rs191603973
6	44457063	rs543844
6	56843712	rs185968827
6	61662196	rs140996952
6	75180632	rs36099249
6	91867653	rs6908580
6	106832060	rs140633572
6	107689329	rs847012
18	5958062	rs62076840
18	6974460	rs183708309
18	59914255	rs142176337
18	66840171	rs138098194
19	11323255	rs148273964
19	34780984	rs9304861
19	53470531	rs2927694
20	23514209	rs113118940
20	23762403	rs147525344
20	34149795	rs115786578
20	50382958	rs147775533
21	28702102	rs2409317
21	32716160	rs147991290
21	42641102	rs189677472
21	43410112	rs857551
21	45486796	rs79985863
22	19704370	rs141503849
22	37009621	rs117496069
22	48098836	rs150927461
19	44919689	rs4420638
2	176778182	rs17639982
2	178380259	rs1347297
6	6316080	rs6927354
6	76439941	rs16887604
8	75905029	rs183826639
14	91453757	rs56146971
14	93925359	rs117161928
14	94816883	rs57602116
14	97442349	rs150511909
15	28136400	rs8033755
15	31116066	rs149916999
15	71449755	rs142200609
15	86283609	rs62013859
16	2608384	rs189794920
16	19423707	rs118099348
16	22190681	rs145049847
16	49948846	rs77414823
16	62536445	rs150252171
16	80264653	rs79358781
16	80433296	rs137967137
16	83521415	rs77894924
16	86374577	rs78910009
17	6979124	rs111816999
17	13791198	rs139471609
17	43843285	rs56176358
17	63576864	rs79480822
17	63716838	rs34111070
17	63852268	rs71377714
17	68907860	rs16973424
17	80973533	rs149464898
5	15669858	rs75002042
3	54319213	rs7431992
19	44901322	rs394819
7	103985430	rs4298437
8	10477271	rs11782819
12	13763366	rs78210707
3	104241993	rs28868104
6	23378723	rs1925458
12	39882501	rs75036080
19	44908684	rs429358
6	48747159	rs11967676
3	168031109	rs4955783
5	31575350	rs181850653
18	46404184	rs80011616
5	135810905	rs114090132
11	26498505	rs117556552
14	98492717	rs117908734
15	94845722	rs8039237
1	17877570	rs186911969
1	183941302	rs137929838
2	168969959	rs7576531
3	119865430	rs140442947
4	36187535	rs116105213
4	184407819	rs17488073
6	5877202	rs182645021
6	85308630	rs10455152
6	135756791	rs79846291
7	92101277	rs149454736
11	117780161	rs139934868
16	70602635	rs78927322
17	31761101	rs146446983
19	34915156	rs62125664
19	44910319	rs75627662
7	54496119	rs147906088
8	93011994	rs56214552
9	90331096	rs6479525
20	959154	rs62187521
1	13913797	rs72639058
9	88973603	rs117905930
19	44892362	rs2075650
19	44892362	rs2075650
19	44908684	rs429358
19	44908822	rs7412
19	44908822	rs7412
19	44842530	rs111371860
19	44905910	rs440446
19	44905307	rs449647
19	44826181	rs78986976
19	44899461	rs35568738
19	44926286	rs71352239
19	44799694	rs2967668
19	44890954	rs76692773
19	44743791	rs4803748
11	86157598	rs3851179
2	127128582	rs13025717
1	207611623	rs3818361
19	44939262	rs35336243
2	127132061	rs7561528
19	44718495	rs79638902
19	45146841	rs74846209
19	44878777	rs6859
19	44854120	rs4803764
19	45168224	rs192775394
19	44926451	rs60049679
19	44882099	rs144261139
19	44935318	rs141441332
19	44821499	rs28399664
19	44860563	rs138607350
19	44881674	rs79701229
19	44908684	rs429358
11	45818338	rs12805422
11	48311808	rs1483121
10	112992744	rs17747324
11	47272248	rs10501320
1	207518704	rs6656401
19	44744370	rs4803750
8	27598736	rs2279590
19	44922203	rs157595
15	58387979	rs261291
19	44893716	rs77301115
19	44825122	rs58826447
19	44880859	rs406315
19	44879418	rs41290120
9	104899461	rs2740488
2	127135234	rs6733839
19	44923535	rs141622900
15	58289090	rs12148780
19	44952664	rs7254723
2	21003688	rs2678379
11	86156833	rs10792832
18	49562460	rs35816125
19	44750234	rs10401176
22	21576488	rs5754166
19	44644419	rs10426401
7	143402040	rs10808026
12	124853790	rs78194510
19	54304302	rs759819
11	78380104	rs2373115
2	148800291	rs2121433
19	44892009	rs157580
22	41822852	rs7364180
2	148810827	rs4499362
19	44892362	rs2075650
19	44908684	rs429358
19	44911194	rs439401
19	44919689	rs4420638
5	61654384	rs11738335
11	102862432	rs12808148
2	107062032	rs1357692
2	127132061	rs7561528
11	85966428	rs17817600
8	9141509	rs3748140
4	30466544	rs6856768
3	39708102	rs9832461
4	33078033	rs1448284
12	13770394	rs11055612
14	78308963	rs7155434
15	62395140	rs2456930
3	143286187	rs17636071
8	131987689	rs2270875
13	34376390	rs17798800
14	84308865	rs11159647
19	51223357	rs3826656
17	63471115	rs4968782
1	154447611	rs61812598
3	46408373	rs6808835
11	102846249	rs573521
3	42864624	rs2228467
6	41161514	rs75932628
10	10958376	rs62209
18	56523802	rs17090219
3	187037169	rs3936289
13	110537326	rs56378310
13	32716722	rs192470679
1	9297665	rs11121365
3	197541698	rs2484
10	1563803	rs10903488
20	41049649	rs6016505
6	104959787	rs314277
2	227621998	rs57905270
6	155173590	rs12525341
17	75022679	rs9899728
3	196826996	rs2084385
7	50185795	rs7805803
8	130799787	rs263238
9	27630564	rs12555345
9	75661759	rs10512049
13	32813108	rs990324
13	78234779	rs9574199
13	98308508	rs4318070
15	60618351	rs3784609
1	75448141	rs1857353
3	138306554	rs9846480
9	104894789	rs3905000
11	102284743	rs2852894
9	25551359	rs17774966
6	87157345	rs1925690
2	37713399	rs4670766
3	191283019	rs10937470
7	22727026	rs1800795
18	1872316	rs1992269
7	146265094	rs802571
12	118455443	rs11613092
19	44919589	rs56131196
19	44888997	rs6857
19	44893408	rs59007384
5	52509908	rs7702276
9	14064742	rs7039300
6	156688247	rs9384488
12	105714941	rs10219670
3	166296681	rs509208
5	84788958	rs113524839
5	107775475	rs1422438
19	44908684	rs429358
5	138496342	rs10078434
19	44885311	rs283812
19	45209421	rs73566293
1	207612944	rs6701713
1	207619564	rs12036785
1	207677194	rs11118328
2	127072643	rs17014873
2	127068957	rs1060743
2	127135234	rs6733839
2	127082205	rs10194375
2	127104478	rs72838215
2	127104557	rs6431219
2	127120856	rs4663099
2	127124606	rs35103166
2	127126547	rs7575209
2	127127671	rs58682665
2	127128657	rs13025765
2	127129099	rs13031703
2	127136321	rs745717
2	127136908	rs730482
2	233159830	rs35349669
2	233117202	rs10933431
6	47464901	rs9381563
6	47424807	rs9395255
6	47630389	rs9395288
6	47679485	rs10948374
7	100374211	rs1859788
19	44838691	rs10407439
19	44840407	rs2972562
19	44874077	rs393584
19	44890259	rs117310449
19	44876259	rs412776
19	44878777	rs6859
19	44879709	rs3852860
19	44895376	rs11668327
19	44910109	rs1081106
19	44913034	rs59325138
19	44905307	rs449647
19	44858389	rs365653
19	44908822	rs7412
19	44799247	rs148933445
19	44920687	rs144311893
19	44917843	rs3925681
19	44926286	rs71352239
19	44937272	rs73045691
19	44946776	rs9304644
19	45013623	rs34874378
19	44982891	rs57270598
19	45020861	rs114248186
19	45049329	rs147188206
19	45077114	rs60239918
19	45137507	rs536518226
19	44557839	rs118104581
19	44628686	rs11670070
19	44677956	rs2919845
19	44718495	rs79638902
19	44695666	rs2965162
19	44698782	rs2965164
19	44693311	rs76670936
19	44728895	rs62117160
19	44719517	rs73037426
19	44723891	rs150820726
19	44747899	rs2965169
19	44793107	rs112450640
19	44815094	rs28399657
19	44867684	rs41290100
19	44820881	rs28399637
19	44794671	rs2889414
11	60141154	rs1786140
11	60331752	rs4939338
19	44851039	rs11666329
19	44854120	rs4803764
19	44840322	rs55840414
19	44832419	rs56394238
19	44842530	rs111371860
19	44848259	rs41289512
19	44821499	rs28399664
11	86150377	rs7480193
11	86158695	rs7113976
11	86120391	rs580887
11	86134431	rs7938634
11	86163280	rs11603136
14	92466484	rs12881735
14	92472511	rs12590654
17	5233752	rs7225151
17	5104941	rs3845261
17	63483402	rs4311
19	1063444	rs4147929
19	44567824	rs11083742
7	100561944	rs2734897
7	100106335	rs2293479
7	100242838	rs866500
7	100245730	rs858502
7	100341332	rs35305377
7	143411065	rs7810606
7	143406388	rs56402156
7	143407238	rs3935067
7	143418968	rs62472729
7	143413669	rs11771145
7	143427203	rs7805776
7	143435090	rs9640386
8	27337604	rs28834970
8	27354759	rs10109834
8	27472579	rs2741342
8	27462330	rs79145239
8	27541103	rs2269461
8	27607412	rs4236673
8	27584004	rs4732728
8	27606101	rs9331908
8	27629399	rs576748
8	27632442	rs485902
10	11678309	rs7920721
11	47427521	rs12292911
11	47358789	rs3740688
19	44849547	rs4802240
19	44885967	rs283814
19	44897490	rs61679753
19	44843409	rs148601586
19	45019803	rs112380717
19	44854682	rs2927468
19	44830577	rs4803760
19	44844304	rs11668738
19	44852884	rs2972558
19	44876489	rs73050293
19	44857231	rs375972689
19	44857505	rs8112526
19	44879460	rs406456
19	44899461	rs35568738
19	44892009	rs157580
19	44879727	rs11669338
19	44900601	rs760136
19	44901434	rs405697
19	44922203	rs157595
19	44928401	rs8106813
19	44902242	rs141864196
19	44878035	rs150639620
19	44879418	rs41290120
19	44912028	rs138235833
19	44884984	rs283810
11	60161199	rs11605427
11	60076769	rs501945
11	60101646	rs580064
11	60313801	rs7108879
11	86152038	rs56157503
11	86128893	rs7114401
11	86156833	rs10792832
11	86004693	rs527162
11	86101743	rs17745409
11	86160142	rs7129687
11	86160172	rs61904266
11	121564878	rs11218343
14	52924962	rs17125924
14	92470346	rs8008388
15	58753575	rs593742
16	31111250	rs889555
17	5110917	rs73976310
17	63468418	rs6504163
19	1043639	rs3752231
19	1039445	rs3795065
19	44516798	rs80257887
19	44673285	rs142034848
19	44549809	rs73046410
19	44854769	rs143459034
19	44646342	rs56261258
19	44544863	rs75161053
19	44685157	rs2965156
19	44696254	rs73035597
19	44750911	rs8103315
19	44658298	rs203709
19	44697256	rs2965163
19	44698757	rs12150984
19	44717621	rs11881756
19	44750234	rs10401176
19	44752009	rs62117205
19	44738381	rs2927437
19	44746404	rs12459810
19	44724478	rs7254776
19	44750325	rs8100197
19	44799694	rs2967668
19	44828429	rs112262807
19	44839558	rs1466435
19	44807827	rs140824606
19	44730236	rs186110295
19	44819487	rs1135062
19	44824052	rs10412413
19	44849230	rs12974942
19	44826181	rs78986976
19	44845920	rs77241309
19	44860443	rs12978931
19	45222481	rs346758
19	45226017	rs346763
19	45220448	rs12461144
19	45231493	rs62118504
19	45236417	rs11667829
20	56408019	rs6069736
6	32610753	rs9271192
7	37801932	rs2718058
11	47536319	rs10838725
19	44905371	rs769446
19	44943964	rs12721109
19	44909698	rs1081105
19	44935297	rs7254133
19	44926451	rs60049679
19	44935386	rs4263041
19	44997454	rs2376866
19	45012792	rs35194383
19	45020325	rs4803791
19	45001269	rs117612135
19	45040497	rs76856627
19	45087826	rs78620885
19	45045877	rs112481437
19	45079144	rs7251911
19	45125846	rs145903417
19	45193381	rs149495476
19	45098343	rs138137383
19	45102050	rs12461065
19	45081434	rs8100183
19	45128558	rs17643262
19	45131424	rs10408847
19	45187692	rs12463049
19	45188312	rs111243475
19	45205150	rs595290
19	45203694	rs620807
19	54851404	rs640345
1	230716523	rs1977412
16	9158799	rs9937469
1	83475611	rs2795228
1	229029741	rs484947
2	155547356	rs16839220
3	100346058	rs2289506
6	44340892	rs9369477
6	105869321	rs9372110
8	3762230	rs2046197
14	43701423	rs8021600
18	45640366	rs8091629
2	50662958	rs698842
2	59202672	rs10175975
7	18976853	rs78872508
8	22166649	rs4348488
8	23714294	rs17089546
9	80763069	rs191325450
11	92934492	rs4543939
16	86323639	rs8059356
2	174042477	rs4972634
3	151401938	rs11708767
6	51233850	rs4533991
6	86795185	rs78358979
7	106078297	rs6978679
17	7228873	rs72839770
20	17974063	rs7264688
11	60255614	rs1562990
19	44892009	rs157580
11	86076782	rs536841
8	27630273	rs569214
2	127137039	rs744373
19	44892362	rs2075650
19	44919689	rs4420638
11	121564878	rs11218343
19	44873027	rs519113
3	190951729	rs9877502
19	44906745	rs769449
19	44906745	rs769449
9	3929424	rs514716
9	3929424	rs514716
6	41368363	rs6922617
19	1050421	rs115550680
5	174587111	rs145848414
10	69778536	rs4746003
9	31546474	rs4576506
4	10048517	rs733175
11	86127766	rs10792830
17	77948568	rs16970672
2	17593765	rs4038131
2	127094445	rs10207628
3	113103475	rs9811423
12	130537465	rs1464108
10	28216015	rs11006923
19	44892962	rs157582
4	55802265	rs753129
5	123821728	rs257016
19	52880932	rs6509701
19	1207239	rs3764640
10	520439	rs11252926
2	47658337	rs2969775
9	103261938	rs16922670
5	56609071	rs17716202
19	44892362	rs2075650
7	34054385	rs17169634
2	39954377	rs75847378
3	67406609	rs62256378
19	44908684	rs429358
19	44892362	rs2075650
2	97728623	rs6714710
12	131934988	rs4965006
9	104807056	rs2777802
15	67699268	rs11637445
20	914814	rs1014897
15	72519061	rs8038734
4	177819494	rs4997950
5	174705751	rs10061074
1	85302696	rs17125439
19	48613847	rs433852
7	9684086	rs7805053
1	73920165	rs1340425
1	207284500	rs12134133
5	57358044	rs10071932
7	81272303	rs2525776
2	123995579	rs76854344
6	81418166	rs72907046
19	44892362	rs2075650
2	127135234	rs6733839
11	60156035	rs983392
11	86156833	rs10792832
19	44908684	rs429358
19	51224706	rs3865444
5	75072429	rs4704171
11	121564878	rs11218343
17	46275856	rs2732703
8	27610169	rs9331896
11	86156833	rs10792832
11	60156035	rs983392
7	143413669	rs11771145
14	92460608	rs10498633
19	51224706	rs3865444
5	88927603	rs190982
7	100406823	rs1476679
7	37801932	rs2718058
11	47536319	rs10838725
6	32610753	rs9271192
8	27337604	rs28834970
6	47520026	rs10948363
19	1063444	rs4147929
1	207518704	rs6656401
2	127135234	rs6733839
8	94979792	rs10098778
17	5233752	rs7225151
19	44908684	rs429358
19	44908684	rs429358
19	44908684	rs429358
19	44908684	rs429358
19	44908684	rs429358
7	147937799	rs117834366
5	140327854	rs11168036
10	11678309	rs7920721
17	58331728	rs2632516
19	44885243	rs283811
19	44888997	rs6857
19	44885243	rs283811
19	44888997	rs6857
19	44912921	rs483082
5	140327854	rs11168036
10	11679103	rs12358692
17	58331728	rs2632516
19	3405594	rs9749589
5	140327854	rs11168036
10	11675398	rs11257238
17	58331728	rs2632516
19	44848259	rs41289512
2	127133851	rs4663105
17	58331728	rs2632516
20	56423488	rs6014724
6	47464901	rs9381563
19	51224706	rs3865444
8	27607412	rs4236673
10	11679120	rs11257242
7	143411748	rs11763230
6	32582545	rs9269853
2	233117202	rs10933431
18	31508995	rs8093731
2	127135234	rs6733839
2	233159830	rs35349669
6	32610753	rs9271192
6	47520026	rs10948363
7	37801932	rs2718058
7	100406823	rs1476679
7	143413669	rs11771145
8	27337604	rs28834970
8	27610169	rs9331896
11	60156035	rs983392
11	86156833	rs10792832
11	121564878	rs11218343
14	92460608	rs10498633
19	1063444	rs4147929
20	56443204	rs7274581
4	11721611	rs7657553
11	60175342	rs7935829
17	5235685	rs113260531
14	92472511	rs12590654
7	100374211	rs1859788
1	207518704	rs6656401
19	44960141	rs576651896
19	44730236	rs186110295
19	44826181	rs78986976
19	44958739	rs204907
19	44902242	rs141864196
19	44759439	rs114036675
19	1053525	rs3752241
19	44621921	rs11083743
8	27465457	rs34181358
19	44973854	rs204480
19	45154228	rs10421247
19	44865063	rs419010
19	45089217	rs9653111
19	44907853	rs769452
6	41161469	rs143332484
7	100188127	rs4727449
19	45327689	rs123187
14	92460608	rs10498633
11	86156833	rs10792832
6	47520026	rs10948363
19	44909698	rs1081105
19	44892009	rs157580
19	44878777	rs6859
20	56443204	rs7274581
8	27610169	rs9331896
11	60156035	rs983392
7	146252937	rs114360492
3	57192122	rs184384746
6	40974457	rs187370608
18	58522227	rs76726049
19	44848259	rs41289512
19	45738583	rs76320948
20	56423488	rs6014724
17	5235685	rs113260531
15	63277703	rs117618017
19	1039324	rs111278892
1	207613483	rs2093760
2	233117202	rs10933431
1	161185602	rs4575098
4	11024404	rs6448453
16	31121779	rs59735493
7	100374211	rs1859788
11	86065502	rs867611
19	51224706	rs3865444
15	58730416	rs442495
14	92472511	rs12590654
19	44820881	rs28399637
11	121564878	rs11218343
7	143413669	rs11771145
7	100406823	rs1476679
8	27337604	rs28834970
2	233159830	rs35349669
19	1063444	rs4147929
1	207518704	rs6656401
2	127135234	rs6733839
6	47464901	rs9381563
10	11675398	rs11257238
11	60190907	rs2081545
8	27607412	rs4236673
2	127133851	rs4663105
17	58331728	rs2632516
17	49373413	rs28394864
7	143411065	rs7810606
19	44908822	rs7412
19	44860563	rs138607350
19	44881674	rs79701229
19	44838691	rs10407439
19	44747899	rs2965169
19	44960129	rs116949436
19	44737327	rs55923289
19	45152075	rs28469095
19	44842530	rs111371860
19	44799694	rs2967668
19	44890954	rs76692773
19	44986934	rs11672748
19	45205150	rs595290
19	45222190	rs346757
19	45013623	rs34874378
19	44863241	rs183427010
19	44720227	rs111740474
19	44900667	rs1160984
19	44875462	rs11665676
19	44890947	rs561654715
19	44840322	rs55840414
19	45045877	rs112481437
19	44658298	rs203709
19	44717621	rs11881756
19	45040497	rs76856627
19	45077114	rs60239918
19	44867684	rs41290100
19	44576817	rs846876
19	45049329	rs147188206
19	44698782	rs2965164
19	44874585	rs41290108
19	44828004	rs547509922
19	45231493	rs62118504
19	45012792	rs35194383
19	44516798	rs80257887
19	44544863	rs75161053
19	44900801	rs142412517
19	45220448	rs12461144
19	44820087	rs142092405
19	44723891	rs150820726
19	45077818	rs183321458
19	44634022	rs539159088
2	211695376	rs28715896
1	179780639	rs13374908
4	6759326	rs10222981
10	2717604	rs61835453
17	62944934	rs365521
8	27607002	rs11136000
11	86157598	rs3851179
19	44892362	rs2075650
1	209797265	rs59043219
6	58045670	rs1936246
7	6732029	rs116139393
7	12148903	rs1595014
11	86156833	rs10792832
1	207577223	rs679515
2	127135234	rs6733839
2	158844068	rs1125355
2	182154019	rs17366218
2	211107743	rs178585
3	85855884	rs71316816
3	121607829	rs9869689
4	181180536	rs10018288
6	10101984	rs2876189
6	42964462	rs1129187
7	110142514	rs59406683
8	27610169	rs9331896
11	85970540	rs639012
11	86120499	rs471470
15	45065212	rs2854437
21	24540925	rs721146
8	27458600	rs2271920
11	121564878	rs11218343
1	154713065	rs16830122
2	127133851	rs4663105
3	137931894	rs16847609
4	43849075	rs13146780
4	122647254	rs78538083
5	80285949	rs71636213
5	131351444	rs382216
5	131552731	rs6890695
5	131773852	rs758324
5	131897266	rs142958719
5	131965922	rs476428
5	140327854	rs11168036
7	82377	rs11761441
7	25528235	rs10807828
7	143412115	rs75045569
8	27598736	rs2279590
10	11678309	rs7920721
10	80629227	rs59616746
10	128547890	rs61310603
11	60254475	rs1582763
11	86157598	rs3851179
14	92460608	rs10498633
17	45746994	rs7207400
17	46275856	rs2732703
17	46788132	rs199499
17	74979653	rs71380849
20	16216865	rs6110969
6	32447376	rs9469112
6	32610753	rs9271192
6	32615580	rs6931277
2	127068957	rs1060743
8	27608798	rs1532278
19	51224706	rs3865444
1	207518704	rs6656401
11	60173126	rs7232
19	44908822	rs7412
6	41161469	rs143332484
17	49219935	rs616338
16	81908423	rs72824905
6	41161514	rs75932628
16	63029	rs78541046
11	62521506	rs11828907
10	7799848	rs139967528
19	572671	rs201850688
15	71746912	rs201879533
11	108326169	rs56009889
11	121146015	rs148619105
16	19796841	rs7185636
15	58753575	rs593742
21	26784537	rs2830500
8	94964023	rs4735340
15	50716490	rs10467994
17	58331728	rs2632516
12	43573874	rs7295246
10	11678309	rs7920721
17	63460787	rs138190086
6	41066261	rs114812713
16	79321960	rs62039712
5	53369400	rs35868327
5	29005878	rs71618613
13	39050685	rs190094306
7	6869229	rs187857322
8	73378103	rs192326911
15	31149558	rs192098867
14	33974720	rs35833468
1	71755908	rs190217640
4	32832588	rs182921547
19	18448066	rs8111708
11	46783211	rs11038990
3	101508591	rs6806784
19	1046521	rs3764650
1	207611623	rs3818361
2	127132061	rs7561528
11	60266956	rs4938933
1	207612944	rs6701713
8	27608798	rs1532278
11	86089237	rs561655
19	1056493	rs3752246
6	47485642	rs9349407
19	51224706	rs3865444
7	143412046	rs11767557
11	60171834	rs610932
2	127137039	rs744373
10	11678309	rs7920721
11	941941	rs10751667
12	43573874	rs7295246
14	106772332	rs2337406
15	50748601	rs8035452
15	64433291	rs74615166
17	5233752	rs7225151
19	51224706	rs3865444
7	37801932	rs2718058
20	56443204	rs7274581
11	121564878	rs11218343
1	207518704	rs6656401
2	127135234	rs6733839
6	47520026	rs10948363
7	143413669	rs11771145
8	27610169	rs9331896
11	60156035	rs983392
11	86156833	rs10792832
19	1063444	rs4147929
2	233159830	rs35349669
5	88927603	rs190982
7	100406823	rs1476679
11	47536319	rs10838725
14	52933911	rs17125944
6	32610753	rs9271192
8	27337604	rs28834970
14	92460608	rs10498633
1	193656103	rs6678275
4	11628425	rs6448799
5	179811261	rs72807343
6	41186912	rs9381040
8	95041772	rs7818382
